"","Date","Habitat","Transect Number","Team members","Trap Station","Ground trap","Tree","Species","Distance","DBH","Comments"
"1","9/5/18","Deciduous",1,"Sam & Aidan","1","Both present","Base","Hemlock",NA,52,NA
"2","9/5/18","Deciduous",1,"Sam & Aidan","1","Both present","Q1","Hemlock",1.1,55,NA
"3","9/5/18","Deciduous",1,"Sam & Aidan","1","Both present","Q2","Hemlock",3.9,31,NA
"4","9/5/18","Deciduous",1,"Sam & Aidan","1","Both present","Q3","Hemlock",2.4,38,NA
"5","9/5/18","Deciduous",1,"Sam & Aidan","1","Both present","Q4","Hemlock",8.4,43,NA
"6","9/5/18","Deciduous",1,"Sam & Aidan","2","Both present","Base","Hemlock",NA,40,NA
"7","9/5/18","Deciduous",1,"Sam & Aidan","2","Both present","Q1","Sugar maple",4.3,30,NA
"8","9/5/18","Deciduous",1,"Sam & Aidan","2","Both present","Q2","Red maple",6.4,34,NA
"9","9/5/18","Deciduous",1,"Sam & Aidan","2","Both present","Q3","Yellow birch",5.2,24,NA
"10","9/5/18","Deciduous",1,"Sam & Aidan","2","Both present","Q4","Cedar",3.7,33,NA
"11","9/5/18","Deciduous",1,"Sam & Aidan","3","Both present","Base","Red maple",NA,34,NA
"12","9/5/18","Deciduous",1,"Sam & Aidan","3","Both present","Q1","Sugar maple",3.7,19,NA
"13","9/5/18","Deciduous",1,"Sam & Aidan","3","Both present","Q2","Red maple",1.4,34,NA
"14","9/5/18","Deciduous",1,"Sam & Aidan","3","Both present","Q3","White ash",2.5,32,NA
"15","9/5/18","Deciduous",1,"Sam & Aidan","3","Both present","Q4","Red maple",3.2,10,NA
"16","9/5/18","Deciduous",1,"Sam & Aidan","4","Both present","Q1","Hemlock",2.2,14,NA
"17","9/5/18","Deciduous",1,"Sam & Aidan","4","Both present","Q2","Red maple",0.5,17,NA
"18","9/5/18","Deciduous",1,"Sam & Aidan","4","Both present","Q3","Hemlock",1.6,7,NA
"19","9/5/18","Deciduous",1,"Sam & Aidan","4","Both present","Q4","Red maple",4.9,9,NA
"20","9/5/18","Deciduous",1,"Sam & Aidan","5","Both present","Base","Sugar maple",NA,25,NA
"21","9/5/18","Deciduous",1,"Sam & Aidan","5","Both present","Q1","Hemlock",3.5,13,NA
"22","9/5/18","Deciduous",1,"Sam & Aidan","5","Both present","Q2","Red maple",1.6,13,NA
"23","9/5/18","Deciduous",1,"Sam & Aidan","5","Both present","Q3","Hemlock",3.3,16,NA
"24","9/5/18","Deciduous",1,"Sam & Aidan","5","Both present","Q4","Red maple",1.2,17,NA
"25","9/12/18","Deciduous",1,"Sam & Aidan","6","Both present","Base","White pine",NA,25,NA
"26","9/12/18","Deciduous",1,"Sam & Aidan","6","Both present","Q1","Red maple",5.2,28,NA
"27","9/12/18","Deciduous",1,"Sam & Aidan","6","Both present","Q2","Red maple",2.1,25,NA
"28","9/12/18","Deciduous",1,"Sam & Aidan","6","Both present","Q3","Sugar maple",2.2,24,NA
"29","9/12/18","Deciduous",1,"Sam & Aidan","6","Both present","Q4","Hemlock",2.5,10,NA
"30","9/12/18","Deciduous",1,"Sam & Aidan","7","Both present","Q1","Red maple",1.9,18,NA
"31","9/12/18","Deciduous",1,"Sam & Aidan","7","Both present","Q2","Red maple",1.7,8,NA
"32","9/12/18","Deciduous",1,"Sam & Aidan","7","Both present","Q3","Sugar maple",2,14,NA
"33","9/12/18","Deciduous",1,"Sam & Aidan","7","Both present","Q4","Sugar maple",1.6,19,NA
"34","9/12/18","Deciduous",1,"Sam & Aidan","8","Both present","Base","Sugar maple",NA,27,NA
"35","9/12/18","Deciduous",1,"Sam & Aidan","8","Both present","Q1","Red maple",3,15,NA
"36","9/12/18","Deciduous",1,"Sam & Aidan","8","Both present","Q2","Red maple",1.9,13,NA
"37","9/12/18","Deciduous",1,"Sam & Aidan","8","Both present","Q3","Red maple",1.4,21,NA
"38","9/12/18","Deciduous",1,"Sam & Aidan","8","Both present","Q4","Red maple",0.6,11,NA
"39","9/12/18","Deciduous",1,"Sam & Aidan","9","Need ground","Base","White pine",NA,64,NA
"40","9/12/18","Deciduous",1,"Sam & Aidan","9","Need ground","Q1","Red maple",3.7,28,NA
"41","9/12/18","Deciduous",1,"Sam & Aidan","9","Need ground","Q2","Cedar",5,13,NA
"42","9/12/18","Deciduous",1,"Sam & Aidan","9","Need ground","Q3","Cedar",3.1,13,NA
"43","9/12/18","Deciduous",1,"Sam & Aidan","9","Need ground","Q4","Cedar",1,18,NA
"44","9/12/18","Deciduous",1,"Sam & Aidan","10","Both present","Base","Red maple",NA,16,NA
"45","9/12/18","Deciduous",1,"Sam & Aidan","10","Both present","Q1","Red maple",2.4,10,NA
"46","9/12/18","Deciduous",1,"Sam & Aidan","10","Both present","Q2","Red maple",2,10,NA
"47","9/12/18","Deciduous",1,"Sam & Aidan","10","Both present","Q3","Red maple",2.4,5,NA
"48","9/12/18","Deciduous",1,"Sam & Aidan","10","Both present","Q4","Yellow birch",3.6,9,"paper birch?"
"49","9/5/18","Deciduous",2,"Emily & Austin","1","Both present","Base","Cedar",NA,2.6,NA
"50","9/5/18","Deciduous",2,"Emily & Austin","1","Both present","Q1","Hemlock",2.8,8,NA
"51","9/5/18","Deciduous",2,"Emily & Austin","1","Both present","Q2","Hemlock",4.7,8,NA
"52","9/5/18","Deciduous",2,"Emily & Austin","1","Both present","Q3","Hemlock",5.4,8,NA
"53","9/5/18","Deciduous",2,"Emily & Austin","1","Both present","Q4","Hemlock",4.6,25,NA
"54","9/5/18","Deciduous",2,"Emily & Austin","2","Both present","Base","Cedar",NA,19,NA
"55","9/5/18","Deciduous",2,"Emily & Austin","2","Both present","Q1","Hemlock",4.7,8,NA
"56","9/5/18","Deciduous",2,"Emily & Austin","2","Both present","Q2","Hemlock",3.9,63,NA
"57","9/5/18","Deciduous",2,"Emily & Austin","2","Both present","Q3","Hemlock",7.7,11,NA
"58","9/5/18","Deciduous",2,"Emily & Austin","2","Both present","Q4","Red maple",2.6,15,NA
"59","9/5/18","Deciduous",2,"Emily & Austin","3","Both present","Base","Sugar maple",NA,41,NA
"60","9/5/18","Deciduous",2,"Emily & Austin","3","Both present","Q1","Hemlock",3.4,5,NA
"61","9/5/18","Deciduous",2,"Emily & Austin","3","Both present","Q2","Hemlock",4.2,21,NA
"62","9/5/18","Deciduous",2,"Emily & Austin","3","Both present","Q3","Hemlock",7.5,7,NA
"63","9/5/18","Deciduous",2,"Emily & Austin","3","Both present","Q4","Hemlock",4.6,43,NA
"64","9/5/18","Deciduous",2,"Emily & Austin","4","Both present","Base","Hemlock",NA,49,NA
"65","9/5/18","Deciduous",2,"Emily & Austin","4","Both present","Q1","Red maple",4.2,33,NA
"66","9/5/18","Deciduous",2,"Emily & Austin","4","Both present","Q2","Hemlock",4.9,5,NA
"67","9/5/18","Deciduous",2,"Emily & Austin","4","Both present","Q3","Hemlock",5.5,7,NA
"68","9/5/18","Deciduous",2,"Emily & Austin","4","Both present","Q4","Hemlock",2.5,20,NA
"69","9/5/18","Deciduous",2,"Emily & Austin","5","Both present","Base","Yellow birch",NA,20,NA
"70","9/5/18","Deciduous",2,"Emily & Austin","5","Both present","Q1","Hemlock",2.8,6,NA
"71","9/5/18","Deciduous",2,"Emily & Austin","5","Both present","Q2","Hemlock",2.1,29,NA
"72","9/5/18","Deciduous",2,"Emily & Austin","5","Both present","Q3","Hemlock",3.6,33,NA
"73","9/5/18","Deciduous",2,"Emily & Austin","5","Both present","Q4","Hemlock",0.6,6,NA
"74","9/12/18","Deciduous",2,"Emily & Austin","6","Both present","Base","Sugar maple",NA,20,NA
"75","9/12/18","Deciduous",2,"Emily & Austin","6","Both present","Q1","Red maple",3.4,9,NA
"76","9/12/18","Deciduous",2,"Emily & Austin","6","Both present","Q2","Sugar maple",3.7,31,NA
"77","9/12/18","Deciduous",2,"Emily & Austin","6","Both present","Q3","Red maple",2.6,17,NA
"78","9/12/18","Deciduous",2,"Emily & Austin","6","Both present","Q4","Sugar maple",4.3,14,NA
"79","9/12/18","Deciduous",2,"Emily & Austin","7","Both present","Base","Red pine",NA,17,NA
"80","9/12/18","Deciduous",2,"Emily & Austin","7","Both present","Q1","White pine",2.6,37,NA
"81","9/12/18","Deciduous",2,"Emily & Austin","7","Both present","Q2","Sugar maple",2,15,NA
"82","9/12/18","Deciduous",2,"Emily & Austin","7","Both present","Q3","Red maple",2,10,NA
"83","9/12/18","Deciduous",2,"Emily & Austin","7","Both present","Q4","Red maple",0.9,15,NA
"84","9/12/18","Deciduous",2,"Abby, Donovan & Jackie","8","Both present","Base","Red pine",NA,20,NA
"85","9/12/18","Deciduous",2,"Abby, Donovan & Jackie","8","Both present","Q1","Red maple",1.4,7,NA
"86","9/12/18","Deciduous",2,"Abby, Donovan & Jackie","8","Both present","Q2","Red maple",2.4,22,NA
"87","9/12/18","Deciduous",2,"Abby, Donovan & Jackie","8","Both present","Q3","Red maple",2.2,9,NA
"88","9/12/18","Deciduous",2,"Abby, Donovan & Jackie","8","Both present","Q4","Red maple",1.6,7,NA
"89","9/12/18","Deciduous",2,"Emily & Austin","9","Both present","Base","Red maple",NA,12,NA
"90","9/12/18","Deciduous",2,"Emily & Austin","9","Both present","Q1","Red maple",0.9,10,NA
"91","9/12/18","Deciduous",2,"Emily & Austin","9","Both present","Q2","Red maple",3.6,11,NA
"92","9/12/18","Deciduous",2,"Emily & Austin","9","Both present","Q3","Red maple",4.4,12,NA
"93","9/12/18","Deciduous",2,"Emily & Austin","9","Both present","Q4","Red maple",3.8,11,NA
"94","9/12/18","Deciduous",2,"Abby, Donovan & Jackie","10","Both present","Base","Red maple",NA,20,NA
"95","9/12/18","Deciduous",2,"Abby, Donovan & Jackie","10","Both present","Q1","Red maple",1.5,20,NA
"96","9/12/18","Deciduous",2,"Abby, Donovan & Jackie","10","Both present","Q2","Red maple",1.5,6,NA
"97","9/12/18","Deciduous",2,"Abby, Donovan & Jackie","10","Both present","Q3","Red maple",0.6,6,NA
"98","9/12/18","Deciduous",2,"Abby, Donovan & Jackie","10","Both present","Q4","Red maple",1.9,8,NA
"99","9/5/18","Hemlock",1,"Brittany, Grace & Abi","1","Both present","Base","Hemlock",NA,28.3,NA
"100","9/5/18","Hemlock",1,"Brittany, Grace & Abi","1","Both present","Q1","Hemlock",4.9,41.2,NA
"101","9/5/18","Hemlock",1,"Brittany, Grace & Abi","1","Both present","Q2","Hemlock",5.5,26.4,NA
"102","9/5/18","Hemlock",1,"Brittany, Grace & Abi","1","Both present","Q3","Sugar maple",4.2,32.9,NA
"103","9/5/18","Hemlock",1,"Brittany, Grace & Abi","1","Both present","Q4","Shagbark hickory",3.5,37.5,NA
"104","9/5/18","Hemlock",1,"Brittany, Grace & Abi","2","Both present","Base","Hemlock",NA,22.6,NA
"105","9/5/18","Hemlock",1,"Brittany, Grace & Abi","2","Both present","Q1","Hemlock",3,8.5,NA
"106","9/5/18","Hemlock",1,"Brittany, Grace & Abi","2","Both present","Q2","Red maple",4.3,12,NA
"107","9/5/18","Hemlock",1,"Brittany, Grace & Abi","2","Both present","Q3","Hemlock",10.3,41.2,NA
"108","9/5/18","Hemlock",1,"Brittany, Grace & Abi","2","Both present","Q4","Hemlock",1.9,17.7,NA
"109","9/5/18","Hemlock",1,"Brittany, Grace & Abi","3","Need tree","Base","Hemlock",NA,25.7,NA
"110","9/5/18","Hemlock",1,"Brittany, Grace & Abi","3","Need ground","Q1","Red maple",3.1,29.1,NA
"111","9/5/18","Hemlock",1,"Brittany, Grace & Abi","3","Need ground","Q2","Hemlock",4.2,9.3,NA
"112","9/5/18","Hemlock",1,"Brittany, Grace & Abi","3","Need ground","Q3","Hemlock",3.1,11.8,NA
"113","9/5/18","Hemlock",1,"Brittany, Grace & Abi","3","Need ground","Q4","Red maple",3.4,28,NA
"114","9/5/18","Hemlock",1,"Brittany, Grace & Abi","4","Need tree","Base","Red maple",NA,37.2,NA
"115","9/5/18","Hemlock",1,"Brittany, Grace & Abi","4","Need ground","Q1","Hemlock",3.9,20.7,NA
"116","9/5/18","Hemlock",1,"Brittany, Grace & Abi","4","Need ground","Q2","Hemlock",5.4,10.6,NA
"117","9/5/18","Hemlock",1,"Brittany, Grace & Abi","4","Need ground","Q3","Yellow birch",5.9,8.8,NA
"118","9/5/18","Hemlock",1,"Brittany, Grace & Abi","4","Need ground","Q4","Hemlock",1.6,19.7,NA
"119","9/5/18","Hemlock",1,"Brittany, Grace & Abi","5","Both present","Base","Yellow birch",NA,19.5,NA
"120","9/5/18","Hemlock",1,"Brittany, Grace & Abi","5","Both present","Q1","Hemlock",2.5,6.2,NA
"121","9/5/18","Hemlock",1,"Brittany, Grace & Abi","5","Both present","Q2","Silver maple",3.3,46.6,NA
"122","9/5/18","Hemlock",1,"Brittany, Grace & Abi","5","Both present","Q3","Hemlock",3.1,10.1,NA
"123","9/5/18","Hemlock",1,"Brittany, Grace & Abi","5","Both present","Q4","Hemlock",4.9,27.9,NA
"124","9/5/18","Hemlock",1,"Brittany, Grace & Abi","6","Both present","Base","Hemlock",1.1,36.1,NA
"125","9/5/18","Hemlock",1,"Brittany, Grace & Abi","6","Both present","Q1","Hemlock",1.1,36.1,NA
"126","9/5/18","Hemlock",1,"Brittany, Grace & Abi","6","Both present","Q2","Hemlock",3.2,29,NA
"127","9/5/18","Hemlock",1,"Brittany, Grace & Abi","6","Both present","Q3","Hemlock",3.6,23.6,NA
"128","9/5/18","Hemlock",1,"Brittany, Grace & Abi","6","Both present","Q4","Hemlock",5.5,31,NA
"129","9/5/18","Hemlock",1,"Brittany, Grace & Abi","7","Both present","Base","Hemlock",NA,27.1,NA
"130","9/5/18","Hemlock",1,"Brittany, Grace & Abi","7","Both present","Q1","Hemlock",9.4,18.7,NA
"131","9/5/18","Hemlock",1,"Brittany, Grace & Abi","7","Both present","Q2","Hemlock",8.6,27.7,NA
"132","9/5/18","Hemlock",1,"Brittany, Grace & Abi","7","Both present","Q3","Hemlock",4.5,22.5,NA
"133","9/5/18","Hemlock",1,"Brittany, Grace & Abi","7","Both present","Q4","Hemlock",3.4,48.3,NA
"134","9/5/18","Hemlock",1,"Brittany, Grace & Abi","8","Both present","Base","Red maple",NA,27.2,NA
"135","9/5/18","Hemlock",1,"Brittany, Grace & Abi","8","Both present","Q1","White pine",6.8,85.6,NA
"136","9/5/18","Hemlock",1,"Brittany, Grace & Abi","8","Both present","Q2","Red maple",6.3,14.3,NA
"137","9/5/18","Hemlock",1,"Brittany, Grace & Abi","8","Both present","Q3","Hemlock",7.3,18.7,NA
"138","9/5/18","Hemlock",1,"Brittany, Grace & Abi","8","Both present","Q4","White pine",8.6,44.9,NA
"139","9/5/18","Hemlock",1,"Brittany, Grace & Abi","9","Both present","Base","White pine",NA,85.6,NA
"140","9/5/18","Hemlock",1,"Brittany, Grace & Abi","9","Both present","Q1","Red maple",3.8,16.2,NA
"141","9/5/18","Hemlock",1,"Brittany, Grace & Abi","9","Both present","Q2","Hemlock",6.4,48.9,NA
"142","9/5/18","Hemlock",1,"Brittany, Grace & Abi","9","Both present","Q3","Red maple",NA,6.8,NA
"143","9/5/18","Hemlock",1,"Brittany, Grace & Abi","9","Both present","Q4","White pine",7.8,57.5,NA
"144","9/5/18","Hemlock",1,"Brittany, Grace & Abi","10","Both present","Base","Sugar maple",NA,23.7,NA
"145","9/5/18","Hemlock",1,"Brittany, Grace & Abi","10","Both present","Q1","Hemlock",2.6,7.1,NA
"146","9/5/18","Hemlock",1,"Brittany, Grace & Abi","10","Both present","Q2","American beech",1.6,7.6,NA
"147","9/5/18","Hemlock",1,"Brittany, Grace & Abi","10","Both present","Q3","American beech",1.6,5.8,NA
"148","9/5/18","Hemlock",1,"Brittany, Grace & Abi","10","Both present","Q4","American beech",1,16.9,NA
"149","9/5/18","Pine",1,"Shyanne, Rachel & Holly","1","Both present","Base","Red pine",NA,33,NA
"150","9/5/18","Pine",1,"Shyanne, Rachel & Holly","1","Both present","Q1","American beech",1.5,16,NA
"151","9/5/18","Pine",1,"Shyanne, Rachel & Holly","1","Both present","Q2","American beech",4.7,13,NA
"152","9/5/18","Pine",1,"Shyanne, Rachel & Holly","1","Both present","Q3","American beech",4.8,7,NA
"153","9/5/18","Pine",1,"Shyanne, Rachel & Holly","1","Both present","Q4","Red pine",2.5,54,NA
"154","9/5/18","Pine",1,"Shyanne, Rachel & Holly","2","Both present","Base","Scots pine",NA,48,NA
"155","9/5/18","Pine",1,"Shyanne, Rachel & Holly","2","Both present","Q1","Red maple",7.1,12,NA
"156","9/5/18","Pine",1,"Shyanne, Rachel & Holly","2","Both present","Q2","Red oak",0.7,12,NA
"157","9/5/18","Pine",1,"Shyanne, Rachel & Holly","2","Both present","Q3","Red maple",2.5,7,NA
"158","9/5/18","Pine",1,"Shyanne, Rachel & Holly","2","Both present","Q4","Scots pine",3.1,57,NA
"159","9/5/18","Pine",1,"Shyanne, Rachel & Holly","3","Both present","Base","Scots pine",NA,41,NA
"160","9/5/18","Pine",1,"Shyanne, Rachel & Holly","3","Both present","Q1","Sugar maple",3.6,6,NA
"161","9/5/18","Pine",1,"Shyanne, Rachel & Holly","3","Both present","Q2","Red maple",2.6,16,NA
"162","9/5/18","Pine",1,"Shyanne, Rachel & Holly","3","Both present","Q3","Red maple",3.6,10,NA
"163","9/5/18","Pine",1,"Shyanne, Rachel & Holly","3","Both present","Q4","Scots pine",1.8,31,NA
"164","9/5/18","Pine",1,"Shyanne, Rachel & Holly","4","Both present","Base","Red maple",NA,31,NA
"165","9/5/18","Pine",1,"Shyanne, Rachel & Holly","4","Both present","Q1","Black cherry",4.6,25,NA
"166","9/5/18","Pine",1,"Shyanne, Rachel & Holly","4","Both present","Q2","Red maple",9.4,26,NA
"167","9/5/18","Pine",1,"Shyanne, Rachel & Holly","4","Both present","Q3","American beech",4.4,8,NA
"168","9/5/18","Pine",1,"Shyanne, Rachel & Holly","5","Both present","Q4","Red maple",3.6,11,NA
"169","9/5/18","Pine",1,"Shyanne, Rachel & Holly","5","Both present","Base","Red maple",NA,30,NA
"170","9/5/18","Pine",1,"Shyanne, Rachel & Holly","5","Both present","Q1","White Oak",5.4,12,NA
"171","9/5/18","Pine",1,"Shyanne, Rachel & Holly","5","Both present","Q2","White Oak",4.9,23,NA
"172","9/5/18","Pine",1,"Shyanne, Rachel & Holly","5","Both present","Q3","Red maple",6.5,18,NA
"173","9/5/18","Pine",1,"Shyanne, Rachel & Holly","5","Both present","Q4","American beech",4.2,15,NA
"174","9/5/18","Pine",1,"Shyanne, Rachel & Holly","6","Both present","Base","Red maple",NA,14,NA
"175","9/5/18","Pine",1,"Shyanne, Rachel & Holly","6","Both present","Q1","American beech",3.7,9,NA
"176","9/5/18","Pine",1,"Shyanne, Rachel & Holly","6","Both present","Q2","American beech",4.6,16,NA
"177","9/5/18","Pine",1,"Shyanne, Rachel & Holly","6","Both present","Q3","Red maple",4.6,13,NA
"178","9/5/18","Pine",1,"Shyanne, Rachel & Holly","6","Both present","Q4","Red maple",3.7,59,NA
"179","9/5/18","Pine",1,"Shyanne, Rachel & Holly","7","Both present","Base","Sugar maple",NA,14,NA
"180","9/5/18","Pine",1,"Shyanne, Rachel & Holly","7","Both present","Q1","Sugar maple",2.3,7,NA
"181","9/5/18","Pine",1,"Shyanne, Rachel & Holly","7","Both present","Q2","Sugar maple",2.6,7,NA
"182","9/5/18","Pine",1,"Shyanne, Rachel & Holly","7","Both present","Q3","Scots pine",3.1,40,NA
"183","9/5/18","Pine",1,"Shyanne, Rachel & Holly","7","Both present","Q4","Sugar maple",2.3,9,NA
"184","9/5/18","Pine",1,"Shyanne, Rachel & Holly","8","Both present","Base","Scots pine",NA,32,NA
"185","9/5/18","Pine",1,"Shyanne, Rachel & Holly","8","Both present","Q1","American beech",3.3,9,NA
"186","9/5/18","Pine",1,"Shyanne, Rachel & Holly","8","Both present","Q2","Sugar maple",2.2,7,NA
"187","9/5/18","Pine",1,"Shyanne, Rachel & Holly","8","Both present","Q3","Sugar maple",0.7,6,NA
"188","9/5/18","Pine",1,"Shyanne, Rachel & Holly","8","Both present","Q4","Sugar maple",1.7,6,NA
"189","9/5/18","Pine",1,"Shyanne, Rachel & Holly","9","Both present","Base","Scots pine",NA,50,NA
"190","9/5/18","Pine",1,"Shyanne, Rachel & Holly","9","Both present","Q1","Red maple",2.8,7,NA
"191","9/5/18","Pine",1,"Shyanne, Rachel & Holly","9","Both present","Q2","Red maple",3.1,6,NA
"192","9/5/18","Pine",1,"Shyanne, Rachel & Holly","9","Both present","Q3","Sugar maple",0.5,8,NA
"193","9/5/18","Pine",1,"Shyanne, Rachel & Holly","9","Both present","Q4","Sugar maple",2,6,NA
"194","9/5/18","Pine",1,"Shyanne, Rachel & Holly","10","Both present","Base","Scots pine",NA,50,NA
"195","9/5/18","Pine",1,"Shyanne, Rachel & Holly","10","Both present","Q1","Hemlock",2.1,10,NA
"196","9/5/18","Pine",1,"Shyanne, Rachel & Holly","10","Both present","Q2","Sugar maple",2.8,9,NA
"197","9/5/18","Pine",1,"Shyanne, Rachel & Holly","10","Both present","Q3","White Oak",5.2,8,NA
"198","9/5/18","Pine",1,"Shyanne, Rachel & Holly","10","Both present","Q4","Scots pine",5.7,47,NA
"199","9/5/18","Pine",2,"Emma & Shannon","1","Both present","Base","Red pine",NA,51,NA
"200","9/5/18","Pine",2,"Emma & Shannon","1","Both present","Q1","Red oak",3,5,NA
"201","9/5/18","Pine",2,"Emma & Shannon","1","Both present","Q2","American beech",3.5,8,NA
"202","9/5/18","Pine",2,"Emma & Shannon","1","Both present","Q3","Red oak",2.3,11,NA
"203","9/5/18","Pine",2,"Emma & Shannon","1","Both present","Q4","Red pine",4.1,42,NA
"204","9/5/18","Pine",2,"Emma & Shannon","2","Both present","Base","Red pine",NA,45,NA
"205","9/5/18","Pine",2,"Emma & Shannon","2","Both present","Q1","Red maple",4.2,19,NA
"206","9/5/18","Pine",2,"Emma & Shannon","2","Both present","Q2","Red maple",6.1,10,NA
"207","9/5/18","Pine",2,"Emma & Shannon","2","Both present","Q3","Red maple",2.4,15,NA
"208","9/5/18","Pine",2,"Emma & Shannon","2","Both present","Q4","Red pine",1.9,50,NA
"209","9/5/18","Pine",2,"Emma & Shannon","3","Both present","Base","Red pine",NA,43,NA
"210","9/5/18","Pine",2,"Emma & Shannon","3","Both present","Q1","Red maple",1.5,14,NA
"211","9/5/18","Pine",2,"Emma & Shannon","3","Both present","Q2","Red pine",3.8,37,NA
"212","9/5/18","Pine",2,"Emma & Shannon","3","Both present","Q3","Red maple",3.4,6,NA
"213","9/5/18","Pine",2,"Emma & Shannon","3","Both present","Q4","American beech",4.6,23,NA
"214","9/5/18","Pine",2,"Emma & Shannon","4","Both present","Base","Black cherry",NA,42,NA
"215","9/5/18","Pine",2,"Emma & Shannon","4","Both present","Q1","Red maple",3.5,27,NA
"216","9/5/18","Pine",2,"Emma & Shannon","4","Both present","Q2","White pine",6.4,15,NA
"217","9/5/18","Pine",2,"Emma & Shannon","4","Both present","Q3","American beech",1.2,15,NA
"218","9/5/18","Pine",2,"Emma & Shannon","4","Both present","Q4","American beech",5.1,5,NA
"219","9/5/18","Pine",2,"Emma & Shannon","5","Both present","Base","American beech",NA,20,NA
"220","9/5/18","Pine",2,"Emma & Shannon","5","Both present","Q1","American beech",5.6,14,NA
"221","9/5/18","Pine",2,"Emma & Shannon","5","Both present","Q2","Red maple",4.1,19,NA
"222","9/5/18","Pine",2,"Emma & Shannon","5","Both present","Q3","Red maple",4,29,NA
"223","9/5/18","Pine",2,"Emma & Shannon","5","Both present","Q4","Sugar maple",2.6,43,NA
"224","9/5/18","Pine",2,"Emma & Shannon","6","Both present","Base","Scots pine",NA,44,NA
"225","9/5/18","Pine",2,"Emma & Shannon","6","Both present","Q1","Sugar maple",1.4,8,NA
"226","9/5/18","Pine",2,"Emma & Shannon","6","Both present","Q2","Red maple",2.8,11,NA
"227","9/5/18","Pine",2,"Emma & Shannon","6","Both present","Q3","Red oak",1.4,6,NA
"228","9/5/18","Pine",2,"Emma & Shannon","6","Both present","Q4","Red pine",3.8,14,NA
"229","9/5/18","Pine",2,"Emma & Shannon","7","Both present","Base","Red pine",NA,47,NA
"230","9/5/18","Pine",2,"Emma & Shannon","7","Both present","Q1","Red maple",4.6,10,NA
"231","9/5/18","Pine",2,"Emma & Shannon","7","Both present","Q2","Red pine",4.7,41,NA
"232","9/5/18","Pine",2,"Emma & Shannon","7","Both present","Q3","Red maple",1.9,9,NA
"233","9/5/18","Pine",2,"Emma & Shannon","7","Both present","Q4","Red maple",0.8,24,NA
"234","9/5/18","Pine",2,"Emma & Shannon","8","Both present","Base","Scots pine",NA,37,NA
"235","9/5/18","Pine",2,"Emma & Shannon","8","Both present","Q1","Red maple",2.3,22,NA
"236","9/5/18","Pine",2,"Emma & Shannon","8","Both present","Q2","Sugar maple",5.4,31,NA
"237","9/5/18","Pine",2,"Emma & Shannon","8","Both present","Q3","American beech",1.7,20,NA
"238","9/5/18","Pine",2,"Emma & Shannon","8","Both present","Q4","Red pine",4.8,41,NA
"239","9/5/18","Pine",2,"Emma & Shannon","9","Both present","Base","Scots pine",NA,45,NA
"240","9/5/18","Pine",2,"Emma & Shannon","9","Both present","Q1","Red maple",2.6,16,NA
"241","9/5/18","Pine",2,"Emma & Shannon","9","Both present","Q2","Scots pine",3.3,41,NA
"242","9/5/18","Pine",2,"Emma & Shannon","9","Both present","Q3","Red pine",7.1,41,NA
"243","9/5/18","Pine",2,"Emma & Shannon","9","Both present","Q4","American beech",4.1,20,NA
"244","9/5/18","Pine",2,"Emma & Shannon","10","Both present","Base","Scots pine",NA,41,NA
"245","9/5/18","Pine",2,"Emma & Shannon","10","Both present","Q1","American beech",3.7,14,NA
"246","9/5/18","Pine",2,"Emma & Shannon","10","Both present","Q2","Scots pine",3.6,46,NA
"247","9/5/18","Pine",2,"Emma & Shannon","10","Both present","Q3","Red maple",7.2,16,NA
"248","9/5/18","Pine",2,"Emma & Shannon","10","Both present","Q4","Red maple",4.3,15,NA
"249","9/5/18","Hemlock",2,"Abby, Donovan & Jackie","1","Both present","Base","Red maple",NA,26,NA
"250","9/5/18","Hemlock",2,"Abby, Donovan & Jackie","1","Both present","Q1","Hemlock",4.2,35,NA
"251","9/5/18","Hemlock",2,"Abby, Donovan & Jackie","1","Both present","Q2","Black ash",6.5,14,NA
"252","9/5/18","Hemlock",2,"Abby, Donovan & Jackie","1","Both present","Q3","Red maple",5.8,10,NA
"253","9/5/18","Hemlock",2,"Abby, Donovan & Jackie","1","Both present","Q4","Red maple",5.5,18,NA
"254","9/5/18","Hemlock",2,"Abby, Donovan & Jackie","2","Both present","Base","White ash",NA,24,NA
"255","9/5/18","Hemlock",2,"Abby, Donovan & Jackie","2","Both present","Q1","White ash",3.2,18,NA
"256","9/5/18","Hemlock",2,"Abby, Donovan & Jackie","2","Both present","Q2","Red maple",1.8,33,NA
"257","9/5/18","Hemlock",2,"Abby, Donovan & Jackie","2","Both present","Q3","Hemlock",3.8,25,NA
"258","9/5/18","Hemlock",2,"Abby, Donovan & Jackie","2","Both present","Q4","Hemlock",3.3,22,NA
"259","9/5/18","Hemlock",2,"Abby, Donovan & Jackie","3","Both present","Base","Hemlock",NA,34,NA
"260","9/5/18","Hemlock",2,"Abby, Donovan & Jackie","3","Both present","Q1","Hemlock",2.8,37,NA
"261","9/5/18","Hemlock",2,"Abby, Donovan & Jackie","3","Both present","Q2","Hemlock",4.7,31,NA
"262","9/5/18","Hemlock",2,"Abby, Donovan & Jackie","3","Both present","Q3","Hemlock",4.1,11,NA
"263","9/5/18","Hemlock",2,"Abby, Donovan & Jackie","3","Both present","Q4","Hemlock",4.1,36,NA
"264","9/5/18","Hemlock",2,"Abby, Donovan & Jackie","4","Need ground","Base","Red maple",NA,34,NA
"265","9/5/18","Hemlock",2,"Abby, Donovan & Jackie","4","Need ground","Q1","Hemlock",3.9,8,NA
"266","9/5/18","Hemlock",2,"Abby, Donovan & Jackie","4","Need ground","Q2","American elm",1.8,9,NA
"267","9/5/18","Hemlock",2,"Abby, Donovan & Jackie","4","Need ground","Q3","Hemlock",3,10,NA
"268","9/5/18","Hemlock",2,"Abby, Donovan & Jackie","4","Need ground","Q4","Hemlock",1.3,7,NA
"269","9/5/18","Hemlock",2,"Abby, Donovan & Jackie","5","Both present","Base","Hemlock",NA,24,NA
"270","9/5/18","Hemlock",2,"Abby, Donovan & Jackie","5","Both present","Q1","Hemlock",4,6,NA
"271","9/5/18","Hemlock",2,"Abby, Donovan & Jackie","5","Both present","Q2","Hemlock",1.7,6,NA
"272","9/5/18","Hemlock",2,"Abby, Donovan & Jackie","5","Both present","Q3","Hemlock",2.7,11,NA
"273","9/5/18","Hemlock",2,"Abby, Donovan & Jackie","5","Both present","Q4","Hemlock",2,10,NA
"274","9/5/18","Hemlock",2,"Abby, Donovan & Jackie","6","Both present","Base","Red maple",NA,27,NA
"275","9/5/18","Hemlock",2,"Abby, Donovan & Jackie","6","Both present","Q1","Hemlock",6.1,25,NA
"276","9/5/18","Hemlock",2,"Abby, Donovan & Jackie","6","Both present","Q2","Hemlock",2.4,17,NA
"277","9/5/18","Hemlock",2,"Abby, Donovan & Jackie","6","Both present","Q3","Hemlock",0.5,5,NA
"278","9/5/18","Hemlock",2,"Abby, Donovan & Jackie","6","Both present","Q4","Hemlock",2,35,NA
"279","9/5/18","Hemlock",2,"Abby, Donovan & Jackie","7","Both present","Base","Hemlock",NA,27,NA
"280","9/5/18","Hemlock",2,"Abby, Donovan & Jackie","7","Both present","Q1","Hemlock",0.7,7,NA
"281","9/5/18","Hemlock",2,"Abby, Donovan & Jackie","7","Both present","Q2","Cedar",2.2,10,NA
"282","9/5/18","Hemlock",2,"Abby, Donovan & Jackie","7","Both present","Q3","Hemlock",3.1,19,NA
"283","9/5/18","Hemlock",2,"Abby, Donovan & Jackie","7","Both present","Q4","Hemlock",3.1,18,NA
"284","9/5/18","Hemlock",2,"Abby, Donovan & Jackie","8","Both present","Base","Red maple",NA,32,NA
"285","9/5/18","Hemlock",2,"Abby, Donovan & Jackie","8","Both present","Q1","Hemlock",2.7,9,NA
"286","9/5/18","Hemlock",2,"Abby, Donovan & Jackie","8","Both present","Q2","Yellow birch",2,13,NA
"287","9/5/18","Hemlock",2,"Abby, Donovan & Jackie","8","Both present","Q3","Hemlock",1.5,7,NA
"288","9/5/18","Hemlock",2,"Abby, Donovan & Jackie","8","Both present","Q4","Hemlock",8.1,6,NA
"289","9/5/18","Hemlock",2,"Abby, Donovan & Jackie","9","Both present","Base","Hemlock",NA,32,NA
"290","9/5/18","Hemlock",2,"Abby, Donovan & Jackie","9","Both present","Q1","Red maple",3.3,43,NA
"291","9/5/18","Hemlock",2,"Abby, Donovan & Jackie","9","Both present","Q2","Hemlock",4.6,16,NA
"292","9/5/18","Hemlock",2,"Abby, Donovan & Jackie","9","Both present","Q3","Hemlock",2.5,25,NA
"293","9/5/18","Hemlock",2,"Abby, Donovan & Jackie","9","Both present","Q4","Red maple",5.4,36,NA
"294","9/5/18","Hemlock",2,"Abby, Donovan & Jackie","10","Both present","Base","Hemlock",NA,26,NA
"295","9/5/18","Hemlock",2,"Abby, Donovan & Jackie","10","Both present","Q1","Red maple",5.4,14,NA
"296","9/5/18","Hemlock",2,"Abby, Donovan & Jackie","10","Both present","Q2","Red maple",4.1,47,NA
"297","9/5/18","Hemlock",2,"Abby, Donovan & Jackie","10","Both present","Q3","Red maple",4.9,22,NA
"298","9/5/18","Hemlock",2,"Abby, Donovan & Jackie","10","Both present","Q4","Red maple",3.5,32,NA
